[
  {
    "codigo": "1660",
    "nombre": "Introducción a la administración",
    "anio": "1°",
    "cuatrimestre": "1°",
    "correlativas": []
  },
  {
    "codigo": "8116",
    "nombre": "Matemática I",
    "anio": "1°",
    "cuatrimestre": "1°",
    "correlativas": []
  },
  {
    "codigo": "4757",
    "nombre": "Introducción al estudio de las ciencias sociales",
    "anio": "1°",
    "cuatrimestre": "1°",
    "correlativas": []
  },
  {
    "codigo": "8117",
    "nombre": "Matemática II",
    "anio": "1°",
    "cuatrimestre": "2°",
    "correlativas": [
      "Matemática I"
    ]
  },
  {
    "codigo": "9065",
    "nombre": "Introducción al derecho",
    "anio": "1°",
    "cuatrimestre": "2°",
    "correlativas": []
  },
  {
    "codigo": "1613",
    "nombre": "Contabilidad básica",
    "anio": "1°",
    "cuatrimestre": "2°",
    "correlativas": [
      "Introducción a la administración"
    ]
  },
  {
    "codigo": "1673",
    "nombre": "Análisis financiero",
    "anio": "2°",
    "cuatrimestre": "1°",
    "correlativas": [
      "Matemática I",
      "Matemática II"
    ]
  },
  {
    "codigo": "9074",
    "nombre": "Derecho empresario",
    "anio": "2°",
    "cuatrimestre": "1°",
    "correlativas": [
      "Introducción al derecho"
    ]
  },
  {
    "codigo": "2360",
    "nombre": "Sistemas económicos",
    "anio": "2°",
    "cuatrimestre": "1°",
    "correlativas": [
      "Matemática I"
    ]
  },
  {
    "codigo": "1711",
    "nombre": "Laboratorio de tecnología de la información de las organizaciones",
    "anio": "2°",
    "cuatrimestre": "1°",
    "correlativas": [
      "Introducción a la administración"
    ]
  },
  {
    "codigo": "1576",
    "nombre": "Contabilidad I",
    "anio": "2°",
    "cuatrimestre": "2°",
    "correlativas": [
      "Contabilidad básica"
    ]
  },
  {
    "codigo": "8105",
    "nombre": "Estadística",
    "anio": "2°",
    "cuatrimestre": "2°",
    "correlativas": [
      "Matemática I",
      "Matemática II"
    ]
  },
  {
    "codigo": "2253",
    "nombre": "Microeconomía",
    "anio": "2°",
    "cuatrimestre": "2°",
    "correlativas": [
      "Matemática II",
      "Sistemas económicos",
      "Introducción al estudio de las ciencias sociales"
    ]
  },
  {
    "codigo": "1558",
    "nombre": "Análisis de sistemas administrativos",
    "anio": "3°",
    "cuatrimestre": "1°",
    "correlativas": [
      "Laboratorio de tecnología de la información de las organizaciones"
    ]
  },
  {
    "codigo": "1643",
    "nombre": "Contabilidad II",
    "anio": "3°",
    "cuatrimestre": "1°",
    "correlativas": [
      "Contabilidad I",
      "Contabilidad básica"
    ]
  },
  {
    "codigo": "1645",
    "nombre": "Contabilidad social y ambiental",
    "anio": "3°",
    "cuatrimestre": "1°",
    "correlativas": [
      "Contabilidad I",
      "Contabilidad básica",
      "Introducción a la administración"
    ]
  },
  {
    "codigo": "9073",
    "nombre": "Fundamentos del derecho público",
    "anio": "3°",
    "cuatrimestre": "1°",
    "correlativas": [
      "Introducción al derecho"
    ]
  },
  {
    "codigo": "1670",
    "nombre": "Actuación profesional laboral y previsional",
    "anio": "3°",
    "cuatrimestre": "2°",
    "correlativas": [
      "Derecho empresario"
    ]
  },
  {
    "codigo": "1644",
    "nombre": "Contabilidad III",
    "anio": "3°",
    "cuatrimestre": "2°",
    "correlativas": [
      "Contabilidad I",
      "Contabilidad II"
    ]
  },
  {
    "codigo": "2128",
    "nombre": "Finanzas públicas",
    "anio": "3°",
    "cuatrimestre": "2°",
    "correlativas": [
      "Microeconomía"
    ]
  },
  {
    "codigo": "1568",
    "nombre": "Actuación profesional societaria",
    "anio": "4°",
    "cuatrimestre": "1°",
    "correlativas": [
      "Derecho empresario"
    ]
  },
  {
    "codigo": "1657",
    "nombre": "Administración general",
    "anio": "4°",
    "cuatrimestre": "1°",
    "correlativas": [
      "Análisis de sistemas administrativos",
      "Introducción a la administración"
    ]
  },
  {
    "codigo": "1530",
    "nombre": "Contabilidad de costos",
    "anio": "4°",
    "cuatrimestre": "1°",
    "correlativas": [
      "Contabilidad II",
      "Introducción a la administración",
      "Análisis financiero"
    ]
  },
  {
    "codigo": "4928",
    "nombre": "Prueba de Suficiencia de ingles",
    "anio": null,
    "cuatrimestre": null,
    "correlativas": []
  },
  {
    "codigo": "1527",
    "nombre": "Cooperativas mutuales y otros entes de la economía social",
    "anio": "4°",
    "cuatrimestre": "1°",
    "correlativas": [
      "Contabilidad I",
      "Contabilidad II",
      "Contabilidad social y ambiental",
      "Derecho empresario"
    ]
  },
  {
    "codigo": "1511",
    "nombre": "Administración financiera I",
    "anio": "4°",
    "cuatrimestre": "2°",
    "correlativas": [
      "Contabilidad II",
      "Contabilidad III",
      "análisis financiero",
      "Finanzas publicas",
      "estadística"
    ]
  },
  {
    "codigo": "1532",
    "nombre": "Contabilidad pública",
    "anio": "4°",
    "cuatrimestre": "2°",
    "correlativas": [
      "Contabilidad II",
      "Finanzas publicas",
      "fundamentos del derecho publico"
    ]
  },
  {
    "codigo": "1911",
    "nombre": "Teoría y técnica tributaria I",
    "anio": "4°",
    "cuatrimestre": "2°",
    "correlativas": [
      "Contabilidad II",
      "Contabilidad III",
      "Finanzas publicas",
      "Fundamentos del derecho publico",
      "Derecho empresario"
    ]
  },
  {
    "codigo": "1666",
    "nombre": "Auditoria",
    "anio": "5°",
    "cuatrimestre": null,
    "correlativas": [
      "Actuación profesional societaria",
      "Contabilidad III",
      "Administración general",
      "Actuación profesional laboral y previsional"
    ]
  },
  {
    "codigo": "1502",
    "nombre": "Actuación profesional judicial",
    "anio": "5°",
    "cuatrimestre": "1°",
    "correlativas": [
      "Actuación profesional societaria",
      "actuación profesional laboral y previsional",
      "teoría y técnica tributaria I"
    ]
  },
  {
    "codigo": "1912",
    "nombre": "Teoría y técnica tributaria II",
    "anio": "5°",
    "cuatrimestre": "1°",
    "correlativas": [
      "Teoría y técnica tributaria"
    ]
  },
  {
    "codigo": "1812",
    "nombre": "Practica profesional integradora",
    "anio": "5°",
    "cuatrimestre": "2°",
    "correlativas": [
      "Actuación profesional societaria",
      "Teoría y técnica tributaria II"
    ]
  },
  {
    "codigo": "1813",
    "nombre": "Practica profesional supervisada",
    "anio": "5°",
    "cuatrimestre": "2°",
    "correlativas": [
      "Prueba de suficiencia de ingles"
    ]
  }
]